{"cameraMode":{"drawMode":0,"name":"Shaded","section":"Shading Mode"},"sceneLighting":true,"audioPlay":false,"sceneViewState":{"m_AlwaysRefresh":false,"showFog":true,"showSkybox":true,"showFlares":true,"showImageEffects":true,"showParticleSystems":true,"showVisualEffectGraphs":true,"m_FxEnabled":true},"in2DMode":false,"pivot":{"x":0.4456295967102051,"y":0.7779379487037659,"z":6.89846134185791},"rotation":{"x":0.003988154698163271,"y":0.9715595245361328,"z":-0.016420766711235048,"w":0.23621729016304017},"size":8.237198829650879,"orthographic":false}